Date,Open,High,Low,Close,Adj Close,Volume
10/18/2016,41.810001,42,41.73,41.970001,38.004627,11297300
10/19/2016,41.93,42.119999,41.810001,42.049999,38.077065,16367400
10/20/2016,41.970001,42.110001,41.889999,41.93,37.968399,10620500
10/21/2016,41.849998,42.169998,41.68,42.130001,38.149509,14401500
10/24/2016,42.32,42.77,42.25,42.560001,38.538879,13439200
10/25/2016,42.639999,42.880001,42.43,42.540001,38.520771,16484700
10/26/2016,43,43.029999,42.41,42.439999,38.430214,16886200
10/27/2016,42.630001,42.650002,41.900002,42.119999,38.14045,14537000
10/28/2016,42.259998,42.470001,42.099998,42.23,38.240055,13398400
10/31/2016,42.119999,42.41,42.119999,42.400002,38.393997,13327500
11/1/2016,42.400002,42.43,41.91,42.119999,38.14045,12223400
11/2/2016,42.099998,42.34,42.009998,42.049999,38.077065,12034300
11/3/2016,42.220001,42.220001,41.959999,42.029999,38.058952,11258000
11/4/2016,41.849998,42.040001,41.689999,41.689999,37.751076,14464200
11/7/2016,42.040001,42.5,42.040001,42.459999,38.44833,14038500
11/8/2016,42.369999,42.98,42.369999,42.880001,38.828651,12036600
11/9/2016,41.759998,42.32,41.700001,42.27,38.276287,21351000
11/10/2016,41.860001,42.259998,40.849998,40.939999,37.071941,33245500
11/11/2016,40.950001,41.130001,40.630001,41.029999,37.153439,13421000
11/14/2016,41.130001,41.419998,40.849998,41.169998,37.280205,19514200
11/15/2016,41.18,41.52,41.169998,41.439999,37.524696,16554000
11/16/2016,41.400002,41.650002,41.16,41.259998,37.361698,12681400
11/17/2016,41.279999,41.299999,41,41.119999,37.234928,12398800
11/18/2016,41.029999,41.200001,40.900002,40.91,37.044773,16345300
11/21/2016,40.91,41.360001,40.73,41.360001,37.452259,12307000
11/22/2016,41.450001,41.700001,41.240002,41.369999,37.461311,12743500
11/23/2016,41.220001,41.310001,41.029999,41.119999,37.234928,9281300
11/25/2016,41.389999,41.580002,41.240002,41.529999,37.606194,7402300
11/28/2016,41.509998,41.790001,41.27,41.75,37.805412,19424400
11/29/2016,41.52,41.52,41.139999,41.150002,37.577114,11421900
11/30/2016,41,41.200001,40.349998,40.349998,36.846577,22410400
12/1/2016,40.310001,40.389999,39.880001,40.169998,36.682201,20409900
12/2/2016,40.299999,40.490002,40.189999,40.360001,36.855705,11176300
12/5/2016,40.34,40.689999,40.310001,40.619999,37.093136,15977800
12/6/2016,40.75,40.77,40.419998,40.57,37.047474,11303500
12/7/2016,40.540001,41.290001,40.509998,41.290001,37.704964,13726500
12/8/2016,41.07,41.209999,40.849998,40.98,37.421871,13077100
12/9/2016,41.5,42.220001,41.290001,42,38.353313,28125800
12/12/2016,42,42.009998,41.720001,41.900002,38.261997,17561900
12/13/2016,41.720001,41.959999,41.540001,41.759998,38.134144,18986000
12/14/2016,41.889999,41.990002,41.060001,41.209999,37.631905,17937900
12/15/2016,41.099998,41.810001,41.099998,41.549999,37.942383,14265300
12/16/2016,41.610001,41.759998,41.48,41.740002,38.115891,19675200
12/19/2016,41.689999,41.799999,41.580002,41.669998,38.05196,8687300
12/20/2016,41.700001,41.720001,41.439999,41.66,38.042835,10603500
12/21/2016,41.599998,41.830002,41.52,41.57,37.960651,9693600
12/22/2016,41.57,41.619999,41.080002,41.549999,37.942383,11894100
12/23/2016,41.619999,41.689999,41.349998,41.599998,37.988045,6436600
12/27/2016,41.560001,41.759998,41.540001,41.610001,37.997173,6999200
12/28/2016,41.490002,41.669998,41.389999,41.389999,37.796276,8988000
12/29/2016,41.380001,41.689999,41.380001,41.599998,37.988045,6875300
12/30/2016,41.689999,41.84,41.349998,41.459999,37.860199,11470200
1/3/2017,41.5,41.810001,41.279999,41.799999,38.170681,14711000
1/4/2017,41.880001,41.970001,41.59,41.650002,38.033703,9959400
1/5/2017,41.66,41.860001,41.529999,41.75,38.125023,8968300
1/6/2017,41.700001,41.810001,41.540001,41.740002,38.115891,10246600
1/9/2017,41.23,41.580002,41.209999,41.32,37.732353,14822500
1/10/2017,41.439999,41.439999,40.860001,41.040001,37.476665,19706800
1/11/2017,40.849998,41.119999,40.830002,41.049999,37.485794,9266200
1/12/2017,41.009998,41.040001,40.799999,40.950001,37.394485,8541200
1/13/2017,41,41.040001,40.689999,40.880001,37.330559,8123500
1/17/2017,40.84,41.299999,40.799999,41.220001,37.641048,12469400
1/18/2017,41.25,41.380001,41.139999,41.290001,37.704964,10390500
1/19/2017,41.139999,41.290001,41.029999,41.139999,37.567986,10987100
1/20/2017,41.27,41.439999,41.130001,41.32,37.732353,14695400
1/23/2017,41.310001,41.5,41.209999,41.43,37.832809,11628900
1/24/2017,41.470001,41.970001,41.470001,41.900002,38.261997,17040100
1/25/2017,41.939999,42.25,41.900002,42.119999,38.462891,12538200
1/26/2017,42.029999,42.110001,41.790001,41.810001,38.179813,8976800
1/27/2017,41.91,41.950001,41.419998,41.450001,37.851059,12967400
1/30/2017,41.299999,41.48,41.209999,41.380001,37.787151,11626200
1/31/2017,41.389999,41.689999,41.360001,41.57,37.960651,12678000
2/1/2017,41.52,41.66,41.25,41.259998,37.677559,11136100
2/2/2017,41.41,41.490002,41.25,41.400002,37.805412,9459700
2/3/2017,41.580002,41.790001,41.459999,41.540001,37.933254,11882400
2/6/2017,41.529999,41.669998,41.400002,41.560001,37.951515,15742800
2/7/2017,41.700001,41.98,41.669998,41.900002,38.261997,13315200
2/8/2017,41.91,42.150002,41.84,42.02,38.371571,14219700
2/9/2017,42.02,42.02,40.720001,41.25,37.66843,27240300
2/10/2017,41.02,41.200001,40.549999,40.580002,37.056602,28847300
2/13/2017,40.77,40.830002,40.5,40.619999,37.093136,23617100
2/14/2017,40.380001,40.599998,40.220001,40.529999,37.010948,32177800
2/15/2017,40.419998,40.630001,40.400002,40.439999,36.928761,26600800
2/16/2017,40.549999,41.279999,40.5,41.200001,37.622776,22214800
2/17/2017,41.130001,41.360001,41.049999,41.23,37.650166,15065100
2/21/2017,41.200001,41.5,41.200001,41.459999,37.860199,17072600
2/22/2017,41.509998,41.68,41.400002,41.599998,37.988045,11186800
2/23/2017,41.669998,42,41.619999,41.66,38.042835,12856800
2/24/2017,41.700001,41.91,41.599998,41.779999,38.152416,13215300
2/27/2017,41.75,41.75,41.59,41.669998,38.05196,12186400
2/28/2017,41.68,42.07,41.639999,41.959999,38.316788,15946800
3/1/2017,42.009998,42.349998,41.880001,42.16,38.49942,14662000
3/2/2017,42.080002,42.560001,42.07,42.470001,38.782509,15507600
3/3/2017,42.470001,42.490002,42.25,42.48,38.791634,11740000
3/6/2017,42.34,42.43,42.119999,42.18,38.517685,16307800
3/7/2017,42,42.240002,41.950001,41.990002,38.344185,11273700
3/8/2017,42,42.029999,41.740002,41.990002,38.344185,14636000
3/9/2017,42.09,42.110001,41.919998,42.029999,38.380707,14496400
3/10/2017,42.23,42.400002,42.150002,42.290001,38.618134,16369700
3/13/2017,41.919998,42.119999,41.84,42.029999,38.719471,12831500
3/14/2017,41.98,42.099998,41.830002,41.970001,38.6642,9844500
3/15/2017,41.98,42.279999,41.970001,42.119999,38.80238,22757800
3/16/2017,42.029999,42.389999,41.900002,42.25,38.922134,16004200
3/17/2017,42.279999,42.349998,42.009998,42.029999,38.719471,37526500
3/20/2017,42.099998,42.34,42.07,42.18,38.857655,11484200
3/21/2017,42.310001,42.630001,42.209999,42.5,39.152447,17187300
3/22/2017,42.560001,42.700001,42.25,42.380001,39.041904,11605500
3/23/2017,42.209999,42.389999,42.060001,42.169998,38.848442,11503300
3/24/2017,42.23,42.25,41.91,42.119999,38.80238,13804400
3/27/2017,42.110001,42.34,42.049999,42.32,38.986629,12387400
3/28/2017,42.240002,42.560001,42.240002,42.43,39.087971,14123800
3/29/2017,42.509998,42.529999,42.290001,42.419998,39.078747,9580100
3/30/2017,42.349998,42.619999,42.259998,42.599998,39.244572,11999900
3/31/2017,42.549999,42.650002,42.43,42.439999,39.097179,11551800
4/3/2017,42.580002,42.630001,42.27,42.41,39.069534,11240000
4/4/2017,42.509998,42.689999,42.369999,42.68,39.318272,10946200
4/5/2017,42.650002,42.860001,42.529999,42.57,39.216942,10142800
4/6/2017,42.580002,42.759998,42.470001,42.669998,39.309059,14597800
4/7/2017,42.639999,42.740002,42.509998,42.610001,39.253784,11028800
4/10/2017,42.73,42.799999,42.560001,42.689999,39.327484,9426900
4/11/2017,42.68,42.75,42.52,42.66,39.29985,8909400
4/12/2017,42.540001,42.990002,42.509998,42.939999,39.557785,13417200
4/13/2017,42.869999,43.080002,42.779999,42.790001,39.419609,9891900
4/17/2017,42.790001,43.07,42.779999,43.07,39.677547,11318100
4/18/2017,43.110001,43.59,43.09,43.48,40.05526,13181600
4/19/2017,43.740002,43.790001,43.189999,43.23,39.824951,13893100
4/20/2017,43.200001,43.299999,43.049999,43.09,39.695976,10838300
4/21/2017,42.98,43.099998,42.889999,43.07,39.677547,13833800
4/24/2017,43.240002,43.43,43.150002,43.279999,39.871014,16703800
4/25/2017,42.849998,43.43,42.82,43.110001,39.714405,18745100
4/26/2017,43.060001,43.43,42.98,43.240002,39.83416,13626600
4/27/2017,43.169998,43.279999,42.919998,43.009998,39.622272,10386200
4/28/2017,42.959999,43.200001,42.849998,43.150002,39.751255,10337800
5/1/2017,43.150002,43.5,43.099998,43.220001,39.815735,13208200
5/2/2017,43.220001,43.439999,43.16,43.389999,39.972347,11823900
5/3/2017,43.330002,43.490002,43.150002,43.32,39.907871,10389000
5/4/2017,43.419998,43.810001,43.400002,43.66,40.221077,10193100
5/5/2017,43.790001,43.84,43.560001,43.689999,40.248718,8133000
5/8/2017,43.59,43.91,43.540001,43.889999,40.432968,14284300
5/9/2017,43.889999,43.889999,43.380001,43.509998,40.082893,8694400
5/10/2017,43.48,43.619999,43.360001,43.57,40.138168,7597700
5/11/2017,43.490002,43.68,43.43,43.669998,40.230297,6860100
5/12/2017,43.639999,43.68,43.459999,43.59,40.156593,7275800
5/15/2017,43.459999,43.759998,43.459999,43.73,40.285564,8493000
5/16/2017,43.869999,44.110001,43.77,43.849998,40.396114,10454100
5/17/2017,43.849998,44.169998,43.709999,43.93,40.469814,14538800
5/18/2017,43.869999,43.959999,43.639999,43.799999,40.350052,13832200
5/19/2017,43.849998,44,43.759998,43.900002,40.442181,11796800
5/22/2017,43.889999,44.220001,43.810001,44.18,40.700119,12857900
5/23/2017,44.25,44.599998,44.209999,44.389999,40.893581,11996100
5/24/2017,44.509998,45.09,44.509998,45.029999,41.483173,12738300
5/25/2017,45,45.48,44.970001,45.41,41.833241,16704200
5/26/2017,45.349998,45.560001,45.330002,45.389999,41.814808,11341400
5/30/2017,45.16,45.459999,45.110001,45.43,41.851665,13093500
5/31/2017,45.43,45.700001,45.369999,45.470001,41.888519,14148000
6/1/2017,45.450001,45.790001,45.23,45.790001,42.183315,11049300
6/2/2017,45.830002,45.889999,45.610001,45.889999,42.275433,9923700
6/5/2017,45.779999,45.990002,45.689999,45.990002,42.367554,10015200
6/6/2017,45.900002,46.060001,45.779999,45.98,42.358341,9836700
6/7/2017,45.5,45.700001,45.349998,45.509998,41.925362,12776300
6/8/2017,45.509998,45.509998,45.029999,45.130001,41.575298,12879000
6/9/2017,45.060001,45.349998,44.970001,45.32,41.750328,9358800
6/12/2017,45.32,45.48,45.200001,45.330002,41.759548,11228500
6/13/2017,45,45.110001,44.799999,45.029999,41.824554,10023400
6/14/2017,45.18,45.470001,45.16,45.299999,42.075336,11497500
6/15/2017,45.18,45.34,45.040001,45.25,42.028896,9908700
6/16/2017,45.310001,45.349998,45.009998,45.310001,42.084629,27025300
6/19/2017,45.349998,45.380001,45.099998,45.380001,42.149647,7624700
6/20/2017,45.349998,45.869999,45.32,45.610001,42.36327,14920900
6/21/2017,45.619999,45.68,45.169998,45.220001,42.001034,9515800
6/22/2017,45.169998,45.279999,45.029999,45.07,41.86171,7446300
6/23/2017,45.049999,45.380001,45.029999,45.25,42.028896,9544800
6/26/2017,45.32,45.509998,45.299999,45.43,42.196087,7747100
6/27/2017,45.34,45.400002,45,45.049999,41.84314,11432200
6/28/2017,45.25,45.5,45.23,45.32,42.093914,9218800
6/29/2017,45.130001,45.240002,44.650002,44.830002,41.638798,9283500
6/30/2017,44.889999,45.119999,44.849998,44.849998,41.657372,9352800
7/3/2017,45.110001,45.27,44.759998,44.759998,41.57378,6434500
7/5/2017,44.790001,44.990002,44.73,44.82,41.629505,6853600
7/6/2017,44.720001,44.849998,44.290001,44.400002,41.239403,13113000
7/7/2017,44.470001,44.52,44.240002,44.389999,41.230118,9566000
7/10/2017,44.450001,44.580002,44.23,44.380001,41.220833,9672000
7/11/2017,44.32,44.48,44.150002,44.330002,41.174385,10300700
7/12/2017,44.59,44.77,44.439999,44.509998,41.341576,7737400
7/13/2017,44.490002,44.529999,44.369999,44.43,41.267273,6371900
7/14/2017,44.52,44.720001,44.5,44.68,41.499477,8558700
7/17/2017,44.66,44.790001,44.610001,44.73,41.545914,7189200
7/18/2017,44.779999,44.849998,44.619999,44.669998,41.490181,9037200
7/19/2017,44.669998,44.84,44.549999,44.830002,41.638798,6986900
7/20/2017,44.900002,44.98,44.75,44.82,41.629505,7430300
7/21/2017,44.779999,45.07,44.669998,45.029999,41.824554,8545600
7/24/2017,45.040001,45.049999,44.830002,44.84,41.648087,9103600
7/25/2017,45.02,45.290001,44.939999,45.240002,42.019611,14096300
7/26/2017,44.549999,45.790001,44.310001,45.740002,42.484024,13608900
7/27/2017,45.799999,46.43,45.700001,46.119999,42.836964,15195200
7/28/2017,46,46.119999,45.73,46.009998,42.734795,11945300
7/31/2017,46,46.080002,45.790001,45.84,42.5769,13622900
8/1/2017,45.970001,46.060001,45.650002,45.700001,42.446869,10306800
8/2/2017,45.599998,46,45.380001,45.59,42.3447,10187900
8/3/2017,45.650002,45.950001,45.630001,45.669998,42.419003,14261400
8/4/2017,45.669998,45.759998,45.470001,45.5,42.261105,9523600
8/7/2017,45.52,45.759998,45.5,45.639999,42.39114,6226300
8/8/2017,45.639999,45.82,45.549999,45.599998,42.353985,5747900
8/9/2017,45.560001,45.66,45.330002,45.59,42.3447,9635300
8/10/2017,45.560001,45.84,45.459999,45.740002,42.484024,8901600
8/11/2017,45.860001,45.900002,45.57,45.59,42.3447,8357600
8/14/2017,45.669998,45.939999,45.619999,45.799999,42.539745,8421200
8/15/2017,45.799999,46.25,45.799999,46.189999,42.901981,9638100
8/16/2017,46.150002,46.34,46.119999,46.200001,42.911278,8087300
8/17/2017,46.119999,46.330002,45.849998,45.860001,42.595482,8477000
8/18/2017,45.799999,45.900002,45.630001,45.669998,42.419003,10879800
8/21/2017,45.669998,45.799999,45.560001,45.68,42.428288,9429700
8/22/2017,45.700001,45.75,45.540001,45.599998,42.353985,10536700
8/23/2017,45.630001,45.66,45.439999,45.540001,42.29826,6528400
8/24/2017,45.540001,45.610001,45.310001,45.41,42.177509,7534400
8/25/2017,45.599998,45.759998,45.560001,45.57,42.326118,8807100
8/28/2017,45.630001,45.689999,45.380001,45.419998,42.186798,8024000
8/29/2017,45.400002,45.57,45.25,45.450001,42.214661,7762200
8/30/2017,45.360001,45.540001,45.290001,45.389999,42.158932,7134900
8/31/2017,45.400002,45.650002,45.34,45.549999,42.307541,14264600
9/1/2017,45.639999,45.799999,45.540001,45.779999,42.521164,7391200
9/5/2017,45.75,45.93,45.650002,45.919998,42.651199,9916700
9/6/2017,45.98,46.040001,45.790001,45.959999,42.688358,9238900
9/7/2017,46.009998,46.32,45.959999,46.279999,42.98558,9418400
9/8/2017,46.189999,46.369999,46.02,46.299999,43.004158,10534900
9/11/2017,46.349998,46.59,46.220001,46.52,43.208492,10430300
9/12/2017,46.5,46.75,46.450001,46.720001,43.394257,8567600
9/13/2017,46.68,46.98,46.650002,46.869999,43.533581,10218000
9/14/2017,46.400002,46.470001,45.939999,46.110001,43.168465,13768800
9/15/2017,46.299999,46.360001,46,46.18,43.233997,16141400
9/18/2017,46.150002,46.240002,45.91,46.110001,43.168465,8535300
9/19/2017,46.139999,46.189999,45.889999,45.98,43.046753,7297900
9/20/2017,45.759998,46.150002,45.549999,45.779999,42.859509,11026600
9/21/2017,45.709999,45.790001,45.360001,45.400002,42.503754,7555300
9/22/2017,45.450001,45.630001,45.369999,45.490002,42.588013,8024800
9/25/2017,45.5,45.759998,45.349998,45.689999,42.775249,9215300
9/26/2017,45.689999,45.869999,45.560001,45.57,42.66291,6480100
9/27/2017,45.470001,45.5,44.380001,44.639999,41.792236,14816200
9/28/2017,44.669998,45,44.650002,44.91,42.045013,8789500
9/29/2017,44.860001,45.110001,44.790001,45.009998,42.138634,10082200
10/2/2017,45.049999,45.27,44.75,44.799999,41.942028,10707800
10/3/2017,44.860001,45.259998,44.759998,45.189999,42.307152,12038100
10/4/2017,45.110001,45.560001,44.939999,45.5,42.597378,14060300
10/5/2017,45.509998,45.75,45.5,45.52,42.6161,10215300
10/6/2017,45.389999,45.52,45.279999,45.490002,42.588013,5437900
10/9/2017,45.549999,45.650002,45.34,45.41,42.513111,5268300
10/10/2017,45.599998,45.900002,45.529999,45.869999,42.943768,6310400
10/11/2017,45.880001,46.099998,45.869999,46.099998,43.159096,6638200
10/12/2017,45.98,46.139999,45.939999,46.110001,43.168465,7710200
10/13/2017,46.25,46.380001,46.150002,46.18,43.233997,7126000
10/16/2017,46.119999,46.75,46.099998,46.619999,43.645924,12708600
10/17/2017,46.529999,46.630001,46.310001,46.52,43.552303,7699400
10/18/2017,46.41,46.540001,46.240002,46.400002,43.43996,6272200
10/19/2017,46.369999,46.790001,46.32,46.59,43.617836,7515500
10/20/2017,46.580002,46.59,46.279999,46.380001,43.421234,9646800
10/23/2017,46.380001,46.650002,46.23,46.32,43.365063,7153600
10/24/2017,46.259998,46.290001,45.950001,46.18,43.233997,9539500
10/25/2017,46.369999,46.759998,45.93,46.049999,43.112286,11994200
10/26/2017,46.32,46.75,46.220001,46.23,43.280804,10569100
10/27/2017,46.130001,46.330002,45.91,46.07,43.131008,9988000
10/30/2017,46,46.07,45.82,45.860001,42.934406,7201900
10/31/2017,45.919998,46.169998,45.84,45.98,43.046753,6560500
11/1/2017,45.75,46.09,45.630001,45.799999,42.878235,7067600
11/2/2017,45.810001,45.950001,45.75,45.880001,42.953133,8317800
11/3/2017,45.970001,46.16,45.919998,45.970001,43.037395,4730400
11/6/2017,45.91,45.919998,45.419998,45.470001,42.569294,7451300
11/7/2017,45.41,45.950001,45.310001,45.939999,43.009304,9868000
11/8/2017,45.98,46.189999,45.869999,46.18,43.233997,7586900
11/9/2017,46.119999,46.389999,46.02,46.23,43.280804,6532400
11/10/2017,46.200001,46.639999,46.139999,46.540001,43.571026,8022900
11/13/2017,46.599998,46.82,46.540001,46.720001,43.739544,7653600
11/14/2017,46.709999,47.48,46.619999,47.43,44.404255,17200700
11/15/2017,47.32,47.459999,46.779999,46.810001,43.823803,12419100
11/16/2017,46.950001,46.98,46.509998,46.549999,43.580391,12506400
11/17/2017,46.34,46.380001,45.25,45.709999,42.793976,19720700
11/20/2017,45.650002,45.880001,45.419998,45.459999,42.559921,19160900
11/21/2017,45.560001,45.950001,45.540001,45.779999,42.859509,10280800
11/22/2017,45.889999,45.93,45.540001,45.84,42.915688,8434400
11/24/2017,45.889999,46.049999,45.860001,45.880001,42.953133,2996300
11/27/2017,45.880001,45.990002,45.810001,45.900002,42.971855,5649200
11/28/2017,45.990002,46.150002,45.779999,45.830002,42.906326,8432800
11/29/2017,45.77,45.82,45.209999,45.5,42.597378,16502100
11/30/2017,45.139999,45.84,45.029999,45.77,43.201458,17147600
12/1/2017,45.799999,46.02,45.209999,45.970001,43.390232,12468800
12/4/2017,45.990002,46.380001,45.77,46.23,43.635647,17523600
12/5/2017,46.25,46.439999,46.060001,46.259998,43.66396,13670800
12/6/2017,46.360001,46.48,46.259998,46.450001,43.843296,8154000
12/7/2017,46.290001,46.32,45.720001,45.779999,43.210896,9106500
12/8/2017,45.700001,45.73,45.049999,45.310001,42.767273,13238600
12/11/2017,45.310001,45.41,44.919998,45.330002,42.786156,9698700
12/12/2017,45.25,45.52,45.060001,45.290001,42.748398,13999300
12/13/2017,45.450001,46.049999,45.400002,45.900002,43.324158,12418700
12/14/2017,45.810001,46.169998,45.799999,46.029999,43.446865,9029000
12/15/2017,46.290001,46.419998,46.040001,46.189999,43.597885,21181600
12/18/2017,46.200001,46.380001,45.91,45.93,43.352482,10156800
12/19/2017,46.040001,46.380001,45.91,46.130001,43.541256,8253200
12/20/2017,46.209999,46.299999,45.959999,46.080002,43.494064,7311000
12/21/2017,46.139999,46.220001,45.560001,45.599998,43.040993,9657100
12/22/2017,45.689999,45.73,45.549999,45.59,43.031563,5406300
12/26/2017,45.700001,45.860001,45.610001,45.810001,43.23922,6100400
12/27/2017,45.900002,45.939999,45.720001,45.93,43.352482,5660600
12/28/2017,45.91,45.990002,45.639999,45.720001,43.154263,6538900
12/29/2017,45.700001,46.18,45.689999,45.880001,43.305294,8371500
1/2/2018,45.91,45.939999,45.509998,45.540001,42.984371,10872200
1/3/2018,45.490002,45.689999,45.34,45.439999,42.889977,12635600
1/4/2018,45.560001,46.220001,45.450001,46.080002,43.494064,12709400
1/5/2018,46.02,46.200001,45.790001,46.07,43.484619,13113100
1/8/2018,45.950001,46.099998,45.880001,46,43.418552,7068600
1/9/2018,46,46.360001,45.939999,46.23,43.635647,9962400
1/10/2018,46.23,46.259998,45.93,46.07,43.484619,10700700
1/11/2018,46.23,46.23,45.860001,46.040001,43.456306,7583200
1/12/2018,46.279999,46.389999,46.029999,46.150002,43.560127,14570100
1/16/2018,46.150002,46.619999,46.139999,46.529999,43.918812,16459300
1/17/2018,46.580002,47,46.549999,46.82,44.192535,12143100
1/18/2018,46.75,47.07,46.610001,46.880001,44.249168,11952900
1/19/2018,46.990002,47.25,46.869999,47.16,44.513458,16187400
1/22/2018,47.139999,47.5,47.09,47.380001,44.721111,9577400
1/23/2018,47.209999,47.700001,47.130001,47.450001,44.787182,11463700
1/24/2018,47.529999,47.950001,47.48,47.830002,45.145851,15964500
1/25/2018,47.700001,48,47.700001,47.84,45.155296,11755000
1/26/2018,47.779999,48.619999,47.740002,48.529999,45.806564,16671200
1/29/2018,48.209999,48.459999,47.580002,47.700001,45.023148,11662600
1/30/2018,47.73,48.16,47.400002,47.41,44.749424,12404800
1/31/2018,47.450001,47.900002,47.369999,47.59,44.919323,10960100
2/1/2018,47.41,47.73,47.110001,47.450001,44.787182,10279400
2/2/2018,47.349998,47.41,46.630001,46.73,44.107582,12912300
2/5/2018,46.650002,46.919998,44.41,44.889999,42.370842,23261500
2/6/2018,43.869999,44.740002,43.439999,44.669998,42.163189,25184300
2/7/2018,44.580002,45.5,44.279999,44.560001,42.059361,18041600
2/8/2018,44.619999,44.619999,43.07,43.099998,40.681293,23295300
2/9/2018,43.360001,43.459999,42.189999,43.130001,40.709614,22853100
2/12/2018,43.560001,44.23,43.369999,43.970001,41.502476,14689000
2/13/2018,43.919998,44.41,43.689999,44.189999,41.710121,13163200
2/14/2018,44.02,44.189999,43.630001,44.099998,41.625175,13457900
2/15/2018,44.25,44.830002,44.119999,44.779999,42.267014,13467300
2/16/2018,45.57,45.639999,44.720001,44.98,42.455791,17202300
2/20/2018,44.75,44.830002,43.939999,43.990002,41.521351,14137300
2/21/2018,44.110001,44.259998,43.330002,43.34,40.907825,12792900
2/22/2018,43.43,43.82,43.220001,43.52,41.077724,12377800
2/23/2018,43.580002,44.060001,43.419998,44.040001,41.568546,8277200
2/26/2018,44.23,44.389999,43.810001,44.029999,41.559101,12713300
2/27/2018,44.150002,44.310001,43.619999,43.619999,41.172112,12774400
2/28/2018,43.830002,43.91,43.220001,43.220001,40.794559,11929400
3/1/2018,43.099998,43.639999,42.82,43.43,40.992775,17746800
3/2/2018,43.25,43.799999,43.240002,43.720001,41.266502,14050100
3/5/2018,43.57,43.939999,43.5,43.889999,41.42696,11992700
3/6/2018,43.950001,44.049999,43.59,43.93,41.464718,10010500
3/7/2018,43.59,43.919998,43.470001,43.82,41.360886,10881700
3/8/2018,43.900002,44.459999,43.799999,44.450001,41.955536,12361100
3/9/2018,44.57,44.82,44.389999,44.82,42.304771,9778600
3/12/2018,44.950001,45.09,44.330002,44.529999,42.031044,11857700
3/13/2018,44.669998,44.830002,44.400002,44.57,42.068802,11342100
3/14/2018,44.380001,44.43,43.73,43.779999,41.687916,15321200
3/15/2018,43.880001,44,43.549999,43.669998,41.583168,12456700
3/16/2018,43.700001,44.02,43.450001,43.459999,41.383202,26603300
3/19/2018,43.459999,43.709999,43.18,43.259998,41.19276,12380300
3/20/2018,43.32,43.48,43.009998,43.16,41.097546,13559800
3/21/2018,43.130001,43.450001,42.790001,43,40.945187,13054000
3/22/2018,42.880001,43.369999,42.700001,42.759998,40.716656,12274100
3/23/2018,42.82,43.16,42.290001,42.330002,40.307205,13475200
3/26/2018,42.610001,42.810001,42.25,42.689999,40.649998,11276100
3/27/2018,42.700001,43.310001,42.529999,42.889999,40.840443,11627000
3/28/2018,43,43.700001,43,43.32,41.249893,16277400
3/29/2018,43.540001,43.919998,43.290001,43.43,41.354641,10450500
4/2/2018,43.439999,43.5,42.470001,42.669998,40.630955,14207900
4/3/2018,42.98,43.540001,42.84,43.380001,41.307026,15484600
4/4/2018,43.139999,44.400002,43.110001,44.240002,42.125935,13563300
4/5/2018,44.279999,44.610001,43.939999,44.400002,42.278286,11707800
4/6/2018,44.279999,44.52,43.709999,43.919998,41.821224,11495100
4/9/2018,44.029999,44.310001,43.779999,43.830002,41.735531,11913400
4/10/2018,44.07,44.18,43.720001,43.990002,41.887878,10379500
4/11/2018,43.810001,44.139999,43.759998,43.990002,41.887878,8424300
4/12/2018,44.080002,44.41,43.950001,44.029999,41.925964,8476400
4/13/2018,44.189999,44.689999,44.139999,44.509998,42.383026,10774200
4/16/2018,44.650002,44.889999,44.400002,44.68,42.54491,8962100
4/17/2018,44.950001,45.029999,44.650002,44.880001,42.735352,8406400
4/18/2018,44.900002,44.970001,44.330002,44.509998,42.383026,7429000
4/19/2018,44.34,44.470001,44.02,44.310001,42.192589,10370400
4/20/2018,44.310001,44.41,43.580002,43.740002,41.64983,14690700
4/23/2018,43.740002,43.990002,43.560001,43.98,41.878357,11878500
4/24/2018,43.98,44.099998,42.73,43.07,41.011845,18523900
4/25/2018,42.740002,42.889999,41.91,42.43,40.402431,20774700
4/26/2018,42.400002,43.099998,42.259998,42.75,40.707138,13561000
4/27/2018,42.73,43.34,42.709999,43.310001,41.240372,9777900
4/30/2018,43.5,43.689999,42.970001,43.209999,41.145153,16037700
5/1/2018,42.959999,42.990002,42.18,42.59,40.554779,11514200
5/2/2018,42.400002,42.59,41.939999,42.060001,40.050106,13736400
5/3/2018,42.220001,42.400002,41.52,41.889999,39.888226,18352200
5/4/2018,41.790001,42.5,41.77,42.360001,40.33577,10946200
5/7/2018,42.34,42.490002,41.959999,42.139999,40.126286,9336000
5/8/2018,41.970001,42.09,41.689999,41.810001,39.812054,15062200
5/9/2018,41.970001,42.23,41.669998,41.779999,39.783485,9295200
5/10/2018,41.990002,42.360001,41.939999,42.18,40.164371,7924200
5/11/2018,42.240002,42.470001,42.040001,42.139999,40.126286,6331900
5/14/2018,42.25,42.32,41.900002,42.040001,40.031059,10715500
5/15/2018,41.779999,41.919998,41.450001,41.720001,39.726353,16449700
5/16/2018,41.740002,41.939999,41.540001,41.549999,39.56448,11590500
5/17/2018,42.009998,42.349998,41.869999,42.299999,40.278637,14857400
5/18/2018,42.299999,42.380001,42.080002,42.18,40.164371,11950200
5/21/2018,42.310001,42.52,42.27,42.41,40.383377,9110200
5/22/2018,42.5,42.599998,42.209999,42.25,40.23103,8222900
5/23/2018,42.25,42.450001,41.93,42.400002,40.373863,8971400
5/24/2018,42.400002,42.470001,42.189999,42.32,40.297676,9269600
5/25/2018,42.34,42.580002,42.200001,42.400002,40.373863,8806500
5/29/2018,42.119999,42.849998,42.099998,42.68,40.64048,14826900
5/30/2018,42.77,43.279999,42.700001,43.130001,41.068974,10114200
5/31/2018,43.200001,43.209999,42.68,43,40.945187,15571300
6/1/2018,43.099998,43.32,43.040001,43.119999,41.059452,10664700
6/4/2018,43.360001,43.59,43.290001,43.490002,41.411774,11727600
6/5/2018,43.5,43.540001,43.099998,43.110001,41.049934,9975900
6/6/2018,43.060001,43.459999,43.040001,43.459999,41.383202,9202900
6/7/2018,43.330002,43.73,43.330002,43.439999,41.364162,11948100
6/8/2018,43.57,44,43.560001,43.950001,41.849785,12078800
6/11/2018,43.950001,44.25,43.889999,44.130001,42.021187,7526100
6/12/2018,44.130001,44.419998,44.080002,44.41,42.287811,8243300
6/13/2018,44.349998,44.52,44.150002,44.18,42.068802,16745000
6/14/2018,43.75,43.849998,43.52,43.580002,41.867054,12696200
6/15/2018,43.560001,44.150002,43.450001,44.119999,42.385826,21562500
6/18/2018,43.880001,43.959999,43.400002,43.549999,41.83823,12161900
6/19/2018,43.299999,43.75,43.200001,43.599998,41.886269,12936400
6/20/2018,43.619999,43.779999,43.23,43.259998,41.559628,10893700
6/21/2018,43.27,43.299999,42.959999,43.09,41.396313,10465200
6/22/2018,43.150002,43.41,43.080002,43.25,41.550026,14924400
6/25/2018,43.16,43.75,43.16,43.580002,41.867054,12092400
6/26/2018,43.560001,43.84,43.279999,43.330002,41.626881,13974700
6/27/2018,43.330002,43.610001,42.990002,43.07,41.377102,15332600
6/28/2018,43.240002,43.68,43.169998,43.470001,41.761379,12668900
6/29/2018,43.57,44.099998,43.310001,43.860001,42.136044,11485600
7/2/2018,43.779999,44.16,43.580002,43.75,42.030369,9232500
7/3/2018,44.060001,44.330002,43.990002,43.990002,42.260937,8214300
7/5/2018,44.16,44.669998,44.130001,44.66,42.904602,11653000
7/6/2018,44.669998,44.939999,44.580002,44.639999,42.885387,8733900
7/9/2018,44.540001,44.73,44.34,44.400002,42.654819,7373100
7/10/2018,44.509998,45,44.5,44.970001,43.202419,10606100
7/11/2018,44.990002,45,44.639999,44.790001,43.029495,7715600
7/12/2018,44.830002,44.959999,44.490002,44.669998,42.914207,6331600
7/13/2018,44.700001,44.779999,44.470001,44.740002,42.981461,5585900
7/16/2018,44.73,44.799999,44.529999,44.73,42.971855,5831400
7/17/2018,44.75,45.389999,44.68,45.25,43.471409,11592200
7/18/2018,45.189999,45.290001,44.84,45.119999,43.346519,7351600
7/19/2018,44.990002,45.43,44.919998,45.110001,43.33691,10097500
7/20/2018,45.02,45.279999,44.900002,45.279999,43.500233,8588400
7/23/2018,45.279999,45.360001,44.77,44.950001,43.183205,9055700
7/24/2018,44.779999,45.27,44.610001,45.259998,43.481018,13786100
7/25/2018,46,46.580002,45.75,46.09,44.278397,21330600
7/26/2018,46.360001,46.59,46.200001,46.240002,44.422497,12673100
7/27/2018,46.32,46.5,46.060001,46.209999,44.393681,10516900
7/30/2018,46.099998,46.439999,46.049999,46.23,44.412891,8967900
7/31/2018,46.400002,46.669998,46.310001,46.630001,44.797169,12438800
8/1/2018,46.450001,46.490002,46.169998,46.389999,44.566605,9904100
8/2/2018,46.48,46.630001,46.18,46.18,44.364861,12009700
8/3/2018,46.23,46.759998,46.139999,46.619999,44.787563,11462800
8/6/2018,46.599998,46.869999,46.549999,46.650002,44.816383,10056100
8/7/2018,46.52,46.610001,46.130001,46.5,44.672276,8632900
8/8/2018,46.490002,46.560001,46.119999,46.150002,44.336037,6810000
8/9/2018,46.25,46.419998,46.080002,46.349998,44.528175,8924100
8/10/2018,46.209999,46.419998,45.970001,46.080002,44.268791,7535400
8/13/2018,46.049999,46.130001,45.700001,45.830002,44.02861,8143400
8/14/2018,45.91,46.099998,45.869999,45.889999,44.086254,6846100
8/15/2018,45.77,46.150002,45.650002,46.080002,44.268791,9686400
8/16/2018,46.110001,46.380001,45.970001,46.220001,44.403286,10600700
8/17/2018,46.290001,46.73,46.240002,46.599998,44.768345,8885700
8/20/2018,46.68,46.869999,46.59,46.73,44.893238,6392000
8/21/2018,46.73,46.75,46.209999,46.220001,44.403286,13986300
8/22/2018,46.34,46.380001,45.919998,45.93,44.124683,7159100
8/23/2018,45.889999,46.080002,45.689999,45.700001,43.903725,13144900
8/24/2018,45.650002,45.799999,45.580002,45.630001,43.836479,10952900
8/27/2018,46.049999,46.049999,45.560001,45.689999,43.894115,9581200
8/28/2018,45.650002,45.73,45.279999,45.369999,43.5867,8476800
8/29/2018,45.25,45.419998,45.220001,45.330002,43.548267,12410900
8/30/2018,45.279999,45.32,44.889999,44.950001,43.183205,9716500
8/31/2018,45,45.07,44.389999,44.57,42.818138,19834100
9/4/2018,44.599998,44.900002,44.509998,44.759998,43.000668,11138500
9/5/2018,44.66,45.419998,44.66,45.380001,43.596306,10554900
9/6/2018,45.400002,46,45.299999,45.77,43.970974,11439400
9/7/2018,45.599998,45.82,45.279999,45.720001,43.922943,10208100
9/10/2018,45.91,46.310001,45.799999,46.060001,44.249573,8568900
9/11/2018,46.099998,46.150002,45.880001,46.02,44.211151,9278300
9/12/2018,46.16,46.299999,46.02,46.240002,44.422497,13216400
9/13/2018,46.009998,46.119999,45.709999,45.830002,44.403118,8294800
9/14/2018,45.919998,46.029999,45.610001,45.990002,44.558136,7612900
9/17/2018,46,46.330002,45.91,46.32,44.877865,8527300
9/18/2018,46.389999,46.529999,45.93,45.93,44.500004,9847400
9/19/2018,46,46.110001,45.869999,45.959999,44.529072,7119000
9/20/2018,46.220001,46.68,46.150002,46.639999,45.187901,9736700
9/21/2018,46.639999,46.689999,46.380001,46.580002,45.129768,19240300
9/24/2018,46.490002,46.529999,45.84,46.07,44.635647,10778900
9/25/2018,46.060001,46.18,45.610001,45.68,44.25779,7919100
9/26/2018,45.77,46.07,45.57,45.849998,44.422497,10162600
9/27/2018,45.73,46.18,45.68,46.009998,44.577511,10826900
9/28/2018,46,46.189999,45.970001,46.189999,44.751911,9071900
10/1/2018,46.169998,46.349998,46.049999,46.23,44.790665,9364700
10/2/2018,46.279999,46.560001,46.060001,46.509998,45.061947,7462700
10/3/2018,46.459999,46.549999,45.799999,45.869999,44.441872,10542300
10/4/2018,45.66,45.900002,45.43,45.849998,44.422497,9582300
10/5/2018,45.939999,46.16,45.689999,45.880001,44.451565,8734100
10/8/2018,45.990002,46.580002,45.970001,46.48,45.032883,9808100
10/9/2018,46.380001,46.549999,46.220001,46.389999,44.945686,10824500
10/10/2018,46.299999,46.700001,45.669998,45.68,44.25779,13917000
10/11/2018,45.799999,45.970001,44.5,44.639999,43.250172,17677900
10/12/2018,44.48,44.880001,44.25,44.68,43.288925,12420100
10/15/2018,44.639999,45.27,44.59,44.91,43.511765,11608500
10/16/2018,45.02,45.599998,44.860001,45.490002,44.073708,10442500
10/17/2018,45.41,45.990002,45.360001,45.860001,44.43219,11055800
10/18/2018,45.900002,46.080002,45.459999,45.610001,44.189972,12716900
10/19/2018,45.830002,46.490002,45.830002,46.330002,44.887554,13989200
10/22/2018,46.369999,46.459999,45.810001,45.970001,44.538765,14283600
10/23/2018,45.619999,46.459999,45.450001,46.360001,44.916618,17483900
10/24/2018,46.330002,47.389999,46.240002,46.73,45.275097,21626000
10/25/2018,46.650002,46.740002,46.119999,46.509998,45.061947,14220200
10/26/2018,46.369999,46.48,45.43,45.919998,44.490314,21458000
10/29/2018,46.150002,46.560001,46.049999,46.459999,45.013504,20932200
10/30/2018,46.619999,47.740002,46.040001,47.630001,46.147076,20895400
10/31/2018,47.5,48.080002,47.220001,47.880001,46.389294,25309400
11/1/2018,47.810001,48.150002,47.299999,47.740002,46.253654,16494500
11/2/2018,47.82,48,47.439999,48,46.505558,17584900
11/5/2018,48,48.779999,47.919998,48.689999,47.174072,16543500
11/6/2018,48.650002,49.130001,48.599998,49.110001,47.581001,14373400
11/7/2018,49.389999,49.549999,49.029999,49.369999,47.832905,12239700
11/8/2018,49.119999,49.369999,49.099998,49.330002,47.794151,9762800
11/9/2018,49.389999,49.889999,49.360001,49.68,48.133251,12398100
11/12/2018,49.610001,50.240002,49.540001,49.869999,48.317341,13918300
11/13/2018,49.810001,50,49.580002,49.860001,48.307652,13872900
11/14/2018,49.849998,49.939999,49.59,49.759998,48.210762,12106800
11/15/2018,49.66,49.75,49.27,49.740002,48.191387,12080100
11/16/2018,49.66,50.25,49.630001,50.169998,48.607994,13405800
11/19/2018,50.310001,50.759998,50.25,50.509998,48.937408,13575800
11/20/2018,50.82,50.84,49.209999,49.380001,47.842594,16255300
11/21/2018,49.23,49.439999,48.59,48.73,47.21283,13559200
11/23/2018,48.75,49.23,48.549999,49.02,47.493801,4792500
11/26/2018,49.009998,49.23,48.669998,48.869999,47.348469,9341900
11/27/2018,48.880001,49.41,48.73,49.369999,47.832905,9180700
11/28/2018,49.209999,49.720001,49.209999,49.709999,48.162319,11368700
11/29/2018,49.279999,49.43,48.970001,48.98,47.830303,11564300
11/30/2018,49,50.490002,48.990002,50.400002,49.216972,25538200
12/3/2018,49.869999,49.959999,48.889999,49.689999,48.523636,14877200
12/4/2018,49.970001,50.509998,49.5,49.580002,48.416218,19059900
12/6/2018,49.509998,49.630001,48.66,49.380001,48.220913,17674900
12/7/2018,49.57,49.68,48.880001,49.09,47.937717,15565700
12/10/2018,49.450001,49.450001,48.470001,49.240002,48.084202,12331100
12/11/2018,49.59,50.009998,49.18,49.540001,48.377159,18083600
12/12/2018,49.950001,50.02,49.189999,49.220001,48.064671,12316900
12/13/2018,48.720001,49.610001,48.57,49.470001,48.3088,13766200
12/14/2018,49.23,49.52,49.02,49.34,48.181854,13835900
12/17/2018,49.34,49.529999,48.02,48.330002,47.19556,18482700
12/18/2018,48.610001,48.830002,47.849998,48.32,47.185791,14765700
12/19/2018,48.240002,48.759998,47.619999,47.900002,46.775658,17903800
12/20/2018,47.810001,48.130001,47.099998,47.540001,46.424099,21130000
12/21/2018,47.259998,48.75,47.23,47.57,46.453396,32477700
12/24/2018,47.619999,47.869999,45.830002,45.959999,44.881187,10733700
12/26/2018,45.880001,46.959999,45.66,46.939999,45.838184,14342600
12/27/2018,46.740002,47.549999,46.029999,47.529999,46.414341,16966500
12/28/2018,47.889999,48.009998,47.029999,47.200001,46.092083,13218200
12/31/2018,47.490002,47.540001,46.959999,47.349998,46.23856,10576300
1/2/2019,46.939999,47.220001,46.560001,46.93,45.828419,11603700
1/3/2019,46.82,47.369999,46.529999,46.639999,45.545231,14714400
1/4/2019,46.75,47.57,46.639999,47.57,46.453396,13013700
1/7/2019,47.57,47.75,46.900002,46.950001,45.847954,13135500
1/8/2019,47.25,47.57,47.040001,47.48,46.365509,15420700
1/9/2019,47.080002,47.279999,46.43,46.57,45.476871,18032500
1/10/2019,46.66,47.09,46.34,47.07,45.965137,15976600
1/11/2019,47.290001,47.360001,46.970001,47.34,46.228798,11088600
1/14/2019,47.25,47.400002,46.990002,47.150002,46.043262,11514300
1/15/2019,46.889999,47.599998,46.810001,47.57,46.453396,11342900
1/16/2019,47.400002,47.470001,46.860001,46.919998,45.818653,16907800
1/17/2019,46.919998,47.139999,46.880001,47.060001,45.955372,12044600
1/18/2019,47.25,47.689999,47.119999,47.610001,46.492458,12760700
1/22/2019,47.700001,47.790001,47.209999,47.720001,46.59988,11700400
1/23/2019,47.82,48.290001,47.650002,48.27,47.136971,12058300
1/24/2019,48.110001,48.110001,47.380001,47.689999,46.57058,10272000
1/25/2019,47.880001,48.029999,47.240002,47.369999,46.258091,12066500
1/28/2019,47.220001,47.299999,46.939999,47.169998,46.062782,9966900
1/29/2019,47.200001,47.630001,47.130001,47.400002,46.287392,11998600
1/30/2019,47.25,47.889999,47.189999,47.860001,46.736591,12952500
1/31/2019,47.849998,48.779999,47.470001,48.130001,47.000256,32181500
2/1/2019,48.48,48.779999,48.400002,48.700001,47.556873,19130100
2/4/2019,48.700001,49.450001,48.540001,49.25,48.093964,15105700
2/5/2019,49.330002,49.470001,49.099998,49.259998,48.103725,12651900
2/6/2019,49.209999,49.360001,49.02,49.259998,48.103725,8689100
2/7/2019,49.169998,49.459999,49,49.419998,48.259972,10047800
2/8/2019,49.369999,49.5,49.110001,49.5,48.338093,9813300
2/11/2019,49.57,49.880001,49.48,49.610001,48.445515,9369300
2/12/2019,49.689999,49.799999,49.459999,49.66,48.494343,10983300
2/13/2019,49.610001,49.939999,49.560001,49.790001,48.621288,12748800
2/14/2019,46.700001,46.959999,45.5,45.59,44.519875,58905400
2/15/2019,45.900002,46.259998,45.200001,45.240002,44.178093,35701600
2/19/2019,45.32,45.59,44.77,44.830002,43.777714,25511300
2/20/2019,44.91,45.240002,44.799999,45.099998,44.041374,27464000
2/21/2019,45,45.91,44.959999,45.860001,44.783539,23121200
2/22/2019,45.759998,45.950001,45.200001,45.279999,44.217152,24728400
2/25/2019,45.439999,45.57,44.84,44.939999,43.885136,23774400
2/26/2019,45.099998,45.139999,44.66,44.689999,43.640999,20463200
2/27/2019,44.599998,45.02,44.419998,44.939999,43.885136,17827500
2/28/2019,45.119999,45.610001,45.110001,45.34,44.275742,22533900
3/1/2019,45.470001,45.639999,45.200001,45.380001,44.314804,16291600
3/4/2019,45.529999,45.669998,45.299999,45.650002,44.578468,15973800
3/5/2019,45.650002,45.700001,45.400002,45.599998,44.52964,13062300
3/6/2019,45.669998,45.790001,45.439999,45.450001,44.38316,14232100
3/7/2019,45.490002,45.529999,45.130001,45.279999,44.217152,12084000
3/8/2019,45.150002,45.25,44.610001,44.84,43.787479,15579100
3/11/2019,45.139999,46.240002,45.099998,46.18,45.096024,22126900
3/12/2019,45.950001,46.25,45.900002,46.049999,44.969078,19348500
3/13/2019,46.130001,46.34,45.91,46.220001,45.135086,16222500
3/14/2019,45.84,46.110001,45.630001,45.700001,45.01688,18504100
3/15/2019,45.720001,45.900002,45.139999,45.299999,44.62286,47254500
3/18/2019,45.43,45.68,45.360001,45.41,44.731213,24006400
3/19/2019,45.549999,45.689999,45.34,45.560001,44.878975,14987000
3/20/2019,45.400002,45.900002,45.18,45.529999,44.849419,13376100
3/21/2019,45.529999,45.759998,45.439999,45.509998,44.82972,20043000
3/22/2019,45.459999,46.110001,45.459999,45.93,45.243443,19055900
3/25/2019,45.860001,46.200001,45.790001,46.029999,45.341946,11668200
3/26/2019,46.169998,46.790001,46.169998,46.639999,45.942829,11434900
3/27/2019,46.650002,46.91,46.330002,46.610001,45.913277,11543600
3/28/2019,46.68,46.919998,46.48,46.580002,45.883728,11121100
3/29/2019,46.669998,46.91,46.48,46.860001,46.159538,16045600
4/1/2019,46.990002,47.169998,46.59,46.720001,46.021633,11522700
4/2/2019,46.75,46.93,46.57,46.57,45.873875,8495000
4/3/2019,46.419998,46.59,46.040001,46.18,45.489704,12854500
4/4/2019,46.34,46.540001,46.110001,46.48,45.785217,7814900
4/5/2019,46.490002,46.580002,46.200001,46.470001,45.775368,7677600
4/8/2019,46.540001,46.57,46.27,46.549999,45.854172,9421300
4/9/2019,46.450001,46.720001,46.27,46.669998,45.972378,8641800
4/10/2019,46.84,47,46.560001,46.639999,45.942829,8059900
4/11/2019,46.720001,46.75,46.540001,46.709999,46.011784,7352400
4/12/2019,46.669998,46.93,46.57,46.740002,46.041336,10690000
4/15/2019,46.880001,47.040001,46.700001,47,46.297447,10261300
4/16/2019,47.049999,47.099998,46.700001,46.950001,46.248196,10804600
4/17/2019,47.200001,47.549999,47.150002,47.279999,46.573261,11849300
4/18/2019,47.330002,47.580002,47.27,47.48,46.770271,12167000
4/22/2019,47.400002,47.610001,47.02,47.400002,46.691471,9834700
4/23/2019,48.09,48.720001,47.549999,48.209999,47.489361,25327800
4/24/2019,48.029999,48.23,47.919998,47.98,47.262798,15997300
4/25/2019,47.740002,47.889999,47.470001,47.84,47.124893,11444400
4/26/2019,47.990002,48.450001,47.98,48.259998,47.538612,10154300
4/29/2019,48.169998,48.450001,48.110001,48.419998,47.69622,9731500
4/30/2019,48.529999,49.18,48.389999,49.060001,48.326653,17912900
5/1/2019,48.950001,49.080002,48.549999,48.59,47.863682,10551200
5/2/2019,48.529999,48.77,48.27,48.389999,47.666668,8724600
5/3/2019,48.599998,48.959999,48.52,48.720001,47.991737,7076900
5/6/2019,48.330002,48.610001,48.259998,48.470001,47.745476,8657800
5/7/2019,48.23,48.290001,47.77,48,47.282497,12487500
5/8/2019,48.049999,48.23,47.82,47.849998,47.134743,9281400
5/9/2019,47.799999,47.98,47.07,47.400002,46.691471,11450500
5/10/2019,47.41,48.299999,47.400002,48.189999,47.469658,9653800
5/13/2019,47.91,48.130001,47.73,48.049999,47.331749,11911500
5/14/2019,48.529999,49.32,48.349998,48.689999,47.962181,16844200
5/15/2019,48.669998,49.380001,48.599998,49.18,48.444862,11422500
5/16/2019,49.27,49.66,49.209999,49.580002,48.838882,17771300
5/17/2019,49.27,49.549999,49.169998,49.200001,48.464561,11257000
5/20/2019,49.040001,49.139999,48.759998,48.849998,48.119793,13850500
5/21/2019,49,49.029999,48.450001,48.599998,47.873531,10587400
5/22/2019,48.779999,49.709999,48.720001,49.650002,48.907837,16050400
5/23/2019,49.5,49.900002,49.459999,49.849998,49.104843,12199400
5/24/2019,49.82,49.889999,49.529999,49.610001,48.868435,6887600
5/28/2019,49.599998,49.669998,49.029999,49.099998,48.366055,18614000
5/29/2019,48.740002,49.029999,48.41,48.610001,47.883385,12534600
5/30/2019,48.720001,49.310001,48.669998,49.25,48.513813,9087200
5/31/2019,49,49.310001,48.779999,49.130001,48.395607,11368600
6/3/2019,49.16,49.98,49.02,49.98,49.232903,14167200
6/4/2019,50,50.279999,49.619999,50,49.252605,12010600
6/5/2019,50.009998,51.139999,49.689999,50.779999,50.020943,15837600
6/6/2019,50.91,51.540001,50.59,51.400002,50.631676,15190400
6/7/2019,51.470001,52.189999,51.450001,51.490002,50.720333,15293600
6/10/2019,51.540001,51.540001,51.09,51.380001,50.611977,9737400
6/11/2019,51.450001,51.59,51.18,51.330002,50.562725,9915600
6/12/2019,51.5,52.139999,51.470001,51.639999,50.868088,11088100
6/13/2019,51.459999,51.700001,50.779999,51.130001,50.758888,10353600
6/14/2019,51.049999,51.529999,51.049999,51.310001,50.93758,8694300
6/17/2019,51.25,51.48,50.610001,50.869999,50.500771,12322400
6/18/2019,51.25,51.299999,50.529999,50.639999,50.272442,9221100
6/19/2019,50.540001,51.240002,50.470001,51.119999,50.748959,9414100
6/20/2019,51.5,51.790001,51.349998,51.66,51.285038,10656600
6/21/2019,51.529999,51.889999,51.41,51.549999,51.175838,21264400
6/24/2019,51.740002,52.200001,51.700001,51.919998,51.543152,10780000
6/25/2019,52,52.099998,51.639999,51.759998,51.384312,11519900
6/26/2019,51.52,51.639999,51.09,51.119999,50.748959,12405100
6/27/2019,51.290001,51.400002,50.970001,51.080002,50.709251,12374900
6/28/2019,51.27,51.400002,50.52,50.919998,50.550407,16339900
7/1/2019,51.07,51.630001,50.779999,51.599998,51.225475,14976400
7/2/2019,51.779999,52.049999,51.549999,51.98,51.602715,8569200
7/3/2019,52,52.330002,52,52.099998,51.721844,7253700
7/5/2019,51.889999,52.119999,51.48,52.110001,51.731773,8916300
7/8/2019,52.200001,52.330002,51.889999,52,51.62257,9495100
7/9/2019,51.720001,51.970001,51.43,51.59,51.215549,10584900
7/10/2019,51.799999,51.970001,51.66,51.82,51.443878,7620900
7/11/2019,51.990002,52.060001,51.66,52.040001,51.662281,10376500
7/12/2019,52.25,52.290001,51.91,52.119999,51.741699,7347400
7/15/2019,52.279999,52.290001,51.869999,52.130001,51.751629,5876100
7/16/2019,51.959999,52.470001,51.810001,52.139999,51.761555,7132500
7/17/2019,52.220001,52.259998,52.009998,52.18,51.801266,8264200
7/18/2019,52.040001,52.169998,51.669998,52.029999,51.652351,11911800
7/19/2019,52.139999,52.150002,51.369999,51.389999,51.016998,10355500
7/22/2019,51.52,51.52,51.130001,51.220001,50.848236,12090700
7/23/2019,53.25,54.639999,52.759998,54.330002,53.935661,33417900
7/24/2019,54.119999,54.82,53.619999,53.779999,53.389652,15633400
7/25/2019,53.630001,53.799999,52.720001,53.07,52.684807,19135000
7/26/2019,53.34,54.310001,53.189999,54.169998,53.776821,11451900
7/29/2019,54.169998,54.299999,53.900002,53.990002,53.598129,12283900
7/30/2019,53.959999,54.299999,53.57,53.720001,53.33009,8127100
7/31/2019,53.509998,53.509998,52.040001,52.630001,52.248001,16865500
8/1/2019,52.779999,53.200001,52.009998,52.029999,51.652351,19527200
8/2/2019,51.91,52.73,51.91,52.330002,51.95018,13102300
8/5/2019,52.389999,52.66,51.400002,51.650002,51.275112,19986500
8/6/2019,51.869999,52.759998,51.610001,52.27,51.890614,19903100
8/7/2019,52.27,53.389999,51.77,53.18,52.794006,17937000
8/8/2019,53.209999,53.779999,52.849998,53.689999,53.300304,10799000
8/9/2019,53.790001,53.900002,53.080002,53.419998,53.032265,9260900
8/12/2019,53.279999,53.439999,52.990002,53.200001,52.813862,6588600
8/13/2019,52.900002,53.610001,52.869999,53.5,53.111683,8581200
8/14/2019,53.34,53.970001,52.970001,52.990002,52.605389,17088900
8/15/2019,53.43,54,53.23,53.869999,53.478996,12393200
8/16/2019,53.98,54.490002,53.950001,54.41,54.015079,14288700
8/19/2019,54.439999,54.779999,54.310001,54.689999,54.293045,10936200
8/20/2019,54.619999,54.68,53.84,53.880001,53.488926,8176700
8/21/2019,54.25,54.41,53.849998,54.099998,53.707329,10886500
8/22/2019,54.119999,54.639999,54.099998,54.490002,54.094501,7467900
8/23/2019,54.419998,54.709999,53.389999,53.740002,53.349945,14160400
8/26/2019,54,54.540001,53.73,54.540001,54.144138,9226900
8/27/2019,54.700001,54.950001,54.41,54.720001,54.32283,13537000
8/28/2019,54.66,55.150002,54.419998,55.110001,54.709999,10046400
8/29/2019,55.259998,55.34,54.599998,55.049999,54.650433,9262800
8/30/2019,55.16,55.220001,54.810001,55.040001,54.640507,8746700
9/3/2019,54.98,55.330002,54.869999,55.299999,54.898621,12991400
9/4/2019,55.349998,55.919998,55.299999,55.77,55.365208,10718100
9/5/2019,55.75,55.77,55.029999,55.119999,54.719925,13677000
9/6/2019,55.439999,55.439999,54.759998,55.23,54.829128,9093500
9/9/2019,55.029999,55.080002,54.360001,54.52,54.124283,10814900
9/10/2019,54.23,54.439999,53.849998,54.400002,54.005154,12038200
9/11/2019,54.290001,54.799999,53.970001,54.77,54.372467,9740400
9/12/2019,55.099998,55.310001,54.98,55.110001,54.709999,12357900
9/13/2019,54.48,54.790001,54.07,54.259998,54.259998,11486100
9/16/2019,54.099998,54.34,53.630001,53.959999,53.959999,11172000
9/17/2019,54.099998,54.700001,53.959999,54.240002,54.240002,11347400
9/18/2019,54.200001,54.290001,53.82,54.23,54.23,9700400
9/19/2019,54.23,54.599998,54.130001,54.52,54.52,7560300
9/20/2019,54.689999,54.689999,53.900002,53.91,53.91,19211500
9/23/2019,53.91,54.360001,53.880001,54.139999,54.139999,6485300
9/24/2019,54.25,54.610001,54.040001,54.299999,54.299999,10093000
9/25/2019,54.439999,54.48,54,54.169998,54.169998,10248400
9/26/2019,54.470001,54.580002,54.130001,54.389999,54.389999,10031200
9/27/2019,54.560001,54.639999,54,54.310001,54.310001,7939900
9/30/2019,54.150002,54.68,54.150002,54.439999,54.439999,9808700
10/1/2019,54.529999,54.779999,54.009998,54.650002,54.650002,14261500
10/2/2019,54.209999,54.439999,52.900002,53.080002,53.080002,14343600
10/3/2019,53.5,53.98,52.82,53.84,53.84,13817500
10/4/2019,54,54.540001,53.889999,54.540001,54.540001,9295400
10/7/2019,54.330002,54.360001,53.77,53.869999,53.869999,5964900
10/8/2019,53.880001,54.07,53.450001,53.580002,53.580002,13301900
10/9/2019,54.060001,54.07,53.540001,53.830002,53.830002,7135000
10/10/2019,53.549999,53.880001,53.360001,53.66,53.66,8942900
10/11/2019,53.650002,53.700001,53.200001,53.299999,53.299999,8981700
10/14/2019,53.490002,53.68,53.220001,53.299999,53.299999,7306300
10/15/2019,53.43,53.68,53.27,53.509998,53.509998,9564300
10/16/2019,53.459999,53.57,53.130001,53.490002,53.490002,10454800
10/17/2019,53.689999,54.119999,53.580002,53.790001,53.790001,13190300
10/18/2019,55,55.389999,54.450001,54.779999,54.779999,18122400
